{
  "mainmods": [
    {
      "name": "ScriptHook",
      "type": "custom",
      "download_url": "http://dev-c.com/rdr2/scripthookrdr2/",
      "secondary": [
    {
      "folder": "bin",
      "target": "root"
    }
    ],
    "blacklist": [
    "readme.txt",
    "www.dev-c.com",
    "NativeTrainer.asi"
    ]
  },

  {
  "name": "ReShade",
  "type": "exe",
  "download_url": "https://reshade.me/downloads/ReShade_Setup_6.7.1_Addon.exe"
  },


    {
      "name": "ASI Loader",
      "download_url": "https://www.rdr2mods.com/downloads/rdr2/tools/9-rdr-2-asi-loader/?do=download&r=8347&confirm=1&t=1&csrfKey=f83dbf126149fcab9cfbfbb0299764ce",
      "type": "root"
    },
    {
      "name": "Lenny's Mod Loader",
      "download_url": "https://www.rdr2mods.com/downloads/rdr2/tools/76-lennys-mod-loader-rdr/?do=download&r=9912&confirm=1&t=1&csrfKey=f83dbf126149fcab9cfbfbb0299764ce",
      "type": "custom",

      "secondary": [
        {
          "folder": "ModLoader",
          "target": "root"
        },
        {
          "folder": "ModManager",
          "target": "root"
        }
      ],

      "blacklist": [
        "Example addon ped by BHmaster",
        "Example string replacement",
        "Example ymap and ytyp",
        "Examples by Modifiver",
        "readme.txt",
        "license.txt"
      ]
    }



  ]
}