{
    "pack_name": "RDR2PACK",
    "mods": [
        {
            "_note": "Use 'root' for ASI/dll mods. Use 'lml' for LML mods. Use 'custom' for advanced installs."
        },
        {
            "name": "VACIS'S Wildlife",
            "nexus_url": "https://www.nexusmods.com/reddeadredemption2/mods/8052?tab=files",
            "type": "root",
            "flatten": "none"
        },
        {
            "name": "FO4 Inspired Loading Screens",
            "nexus_url": "https://www.nexusmods.com/reddeadredemption2/mods/3705?tab=files",
            "type": "lml",
            "flatten": "top"
        },
        {
            "name": "Visuals",
            "nexus_url": "https://www.nexusmods.com/reddeadredemption2/mods/1521?tab=files",
            "type": "lml",
            "flatten": "top"
        },
        {
            "name": "Period Accurate Food",
            "nexus_url": "https://www.nexusmods.com/reddeadredemption2/mods/8025?tab=files",
            "type": "lml",
            "flatten": "top"
        },
        {
            "name": "WhyEm's DLC",
            "nexus_url": "https://www.nexusmods.com/reddeadredemption2/mods/671?tab=files",
            "type": "lml",
            "flatten": "none"
        },
        {
            "name": "Online Content Unlocker",
            "nexus_url": "https://www.nexusmods.com/reddeadredemption2/mods/1688?tab=files",
            "type": "lml",
            "flatten": "top"
        },
       {
            "name": "Rampage Trainer",
            "nexus_url": "https://www.nexusmods.com/reddeadredemption2/mods/233",
            "type": "root",
            "flatten": "top"
        },
        {
            "name": "A Dynamic World",
            "nexus_url": "https://www.nexusmods.com/reddeadredemption2/mods/7190?tab=files",
            "type": "lml",
            "flatten": "top",
            "asi_file": "DynamicWorld.asi"
        }
    ]
}